,Unnamed: 0,Name,2022 Salary,Avg Career Salary Difference,Age,H,R,RBI,BB,SO,SB,OPS,OPS_pred
0,0,CJ Abrams,700000.0,0.0,21.0,70.0,33.0,21.0,5.0,50.0,7.0,0.604,0.6488977562867978
1,1,CJ Abrams,700000.0,0.0,21.0,70.0,33.0,21.0,5.0,50.0,7.0,0.604,0.6488977562867978
2,3,Ronald Acuna Jr.,15000000.0,2480000.0,24.0,124.0,71.0,50.0,53.0,126.0,29.0,0.764,0.6704547653556436
3,4,Willy Adames,4600000.0,0.0,26.0,134.0,83.0,98.0,49.0,166.0,8.0,0.756,0.8217445102296739
4,5,Riley Adams,700000.0,0.0,26.0,25.0,14.0,10.0,12.0,46.0,0.0,0.555,0.6174047132385109
5,6,Jo Adell,700000.0,0.0,23.0,60.0,22.0,27.0,11.0,107.0,4.0,0.637,0.5959719974745128
6,8,Hanser Alberto,1350000.0,154400.0,29.0,38.0,13.0,15.0,3.0,25.0,0.0,0.623,0.6441337977966124
7,9,Ozzie Albies,5000000.0,740833.3333333334,25.0,61.0,36.0,35.0,16.0,47.0,3.0,0.703,0.7099323731890759
8,11,Jorge Alfaro,2725000.0,116333.33333333331,29.0,63.0,25.0,40.0,11.0,98.0,1.0,0.667,0.651988132009921
9,12,Greg Allen,700000.0,0.0,29.0,22.0,17.0,8.0,10.0,42.0,8.0,0.531,0.6094392073425055
10,13,Nick Allen,700000.0,0.0,23.0,62.0,31.0,19.0,19.0,64.0,3.0,0.547,0.6365743873882164
11,15,Pete Alonso,7400000.0,1250.0,27.0,162.0,95.0,131.0,67.0,128.0,5.0,0.869,0.9717336810517084
12,16,Jose Altuve,29000000.0,2376416.6666666665,32.0,158.0,103.0,57.0,66.0,87.0,18.0,0.921,0.7983799194177748
13,17,Yordan Alvarez,764600.0,0.0,25.0,144.0,95.0,97.0,78.0,106.0,1.0,1.019,0.913605431617396
14,18,Brian Anderson,4475000.0,39375.0,29.0,75.0,43.0,28.0,37.0,101.0,1.0,0.657,0.6471967332610297
15,19,Tim Anderson,9500000.0,1235714.2857142857,29.0,100.0,50.0,25.0,14.0,55.0,13.0,0.734,0.6654506666308379
16,20,Elvis Andrus,14250000.0,863333.3333333334,33.0,133.0,66.0,58.0,39.0,92.0,18.0,0.707,0.731370107375254
17,21,Elvis Andrus,700000.0,863333.3333333334,33.0,133.0,66.0,58.0,39.0,92.0,18.0,0.707,0.731370107375254
18,22,Miguel Andujar,1300000.0,0.0,27.0,31.0,13.0,17.0,5.0,27.0,4.0,0.568,0.644452176809804
19,23,Aristides Aquino,700000.0,0.0,28.0,51.0,24.0,30.0,17.0,101.0,2.0,0.609,0.6229044048893158
20,24,Orlando Arcia,1600000.0,176983.33333333334,27.0,51.0,25.0,30.0,21.0,51.0,0.0,0.733,0.6796439706118298
21,25,Nolan Arenado,35000000.0,3450000.0,31.0,163.0,73.0,103.0,52.0,72.0,5.0,0.891,0.9029294656234542
22,26,Randy Arozarena,700000.0,0.0,27.0,154.0,72.0,89.0,46.0,156.0,32.0,0.773,0.7328863990908463
23,27,Luis Arraez,2125000.0,0.0,25.0,173.0,88.0,49.0,50.0,43.0,4.0,0.795,0.8057289895971029
24,28,Christian Arroyo,1200000.0,0.0,27.0,80.0,32.0,36.0,13.0,49.0,5.0,0.736,0.6897941278965397
25,30,Akil Baddoo,700000.0,0.0,23.0,41.0,30.0,9.0,24.0,64.0,9.0,0.558,0.6062515706554448
26,31,Harrison Bader,5200000.0,640000.0,28.0,73.0,38.0,30.0,15.0,62.0,17.0,0.65,0.6545109024352651
27,33,Austin Barnes,2650000.0,225000.0,32.0,38.0,31.0,26.0,27.0,37.0,2.0,0.704,0.6979580552313247
28,34,Tucker Barnhart,7500000.0,872812.5,31.0,62.0,16.0,16.0,25.0,74.0,0.0,0.554,0.5929869327088229
29,35,Joey Bart,700000.0,0.0,25.0,56.0,34.0,25.0,26.0,112.0,2.0,0.66,0.6159031810232678
30,36,Seth Beer,700000.0,0.0,25.0,21.0,4.0,9.0,11.0,31.0,0.0,0.521,0.611452965029399
31,37,Cody Bellinger,17000000.0,2735833.333333333,26.0,106.0,70.0,68.0,38.0,150.0,14.0,0.654,0.7286928337911919
32,38,Josh Bell,10000000.0,1050111.111111111,29.0,147.0,78.0,71.0,81.0,102.0,0.0,0.784,0.8095901322246843
33,39,Josh Bell,700000.0,1050111.111111111,29.0,147.0,78.0,71.0,81.0,102.0,0.0,0.784,0.8095901322246843
34,40,Brandon Belt,18400000.0,1498833.3333333333,34.0,54.0,25.0,23.0,37.0,81.0,1.0,0.676,0.6270277405945095
35,41,Andrew Benintendi,8500000.0,1135857.142857143,27.0,140.0,54.0,51.0,52.0,77.0,8.0,0.772,0.7170796675845931
36,42,Andrew Benintendi,700000.0,1135857.142857143,27.0,140.0,54.0,51.0,52.0,77.0,8.0,0.772,0.7170796675845931
37,43,Jon Berti,1200000.0,0.0,32.0,86.0,47.0,28.0,42.0,89.0,41.0,0.662,0.5938676691077718
38,44,Christian Bethancourt,700000.0,740.0,30.0,80.0,39.0,34.0,12.0,80.0,5.0,0.692,0.6665917693290966
39,45,Christian Bethancourt,700000.0,740.0,30.0,80.0,39.0,34.0,12.0,80.0,5.0,0.692,0.6665917693290966
40,46,Mookie Betts,22916666.0,2489129.5555555555,29.0,154.0,117.0,82.0,55.0,104.0,12.0,0.873,0.8921564696095133
41,47,Bo Bichette,700000.0,0.0,24.0,189.0,91.0,93.0,41.0,155.0,13.0,0.802,0.7991597032319191
42,48,Cavan Biggio,2123000.0,0.0,27.0,52.0,43.0,24.0,38.0,85.0,2.0,0.668,0.6616022811970397
43,49,Charlie Blackmon,21000000.0,1708250.0,35.0,140.0,60.0,78.0,32.0,109.0,4.0,0.733,0.7790473865200295
44,51,Xander Bogaerts,20000000.0,2166388.888888889,29.0,171.0,84.0,73.0,57.0,118.0,8.0,0.833,0.7841126406403043
45,52,Alec Bohm,700000.0,0.0,25.0,164.0,79.0,72.0,31.0,110.0,2.0,0.713,0.7911824040188612
46,53,Skye Bolt,700000.0,0.0,28.0,21.0,10.0,13.0,7.0,30.0,5.0,0.589,0.6271720766148328
47,54,David Bote,2510000.0,389700.0,29.0,30.0,15.0,12.0,6.0,45.0,1.0,0.746,0.6215991808224521
48,55,Jackie Bradley Jr.,9500000.0,901000.0,32.0,70.0,30.0,38.0,24.0,77.0,2.0,0.566,0.6736353742734409
49,56,Michael Brantley,16000000.0,1199938.4615384615,35.0,70.0,28.0,26.0,31.0,30.0,1.0,0.785,0.6855193861923717
50,57,Alex Bregman,13000000.0,1780085.7142857143,28.0,142.0,93.0,93.0,87.0,77.0,1.0,0.82,0.9293215957982879
51,58,Jonah Bride,700000.0,0.0,26.0,33.0,17.0,6.0,19.0,32.0,1.0,0.548,0.6212578906893585
52,59,Mike Brosseau,700000.0,0.0,28.0,36.0,15.0,23.0,14.0,48.0,2.0,0.762,0.6458249585172865
53,60,Seth Brown,700000.0,0.0,29.0,115.0,55.0,73.0,51.0,146.0,11.0,0.749,0.7183161029080365
54,62,Kris Bryant,18000000.0,2094222.2222222225,30.0,49.0,28.0,14.0,17.0,27.0,0.0,0.851,0.6652900596553143
55,63,Peyton Burdick,700000.0,0.0,25.0,19.0,8.0,11.0,8.0,35.0,1.0,0.665,0.6202245561806311
56,64,Jake Burger,700000.0,0.0,26.0,42.0,20.0,26.0,10.0,56.0,0.0,0.761,0.6566038072172421
57,65,Byron Buxton,9142857.0,1232908.142857143,28.0,76.0,61.0,51.0,34.0,116.0,6.0,0.833,0.7246611914530622
58,66,Miguel Cabrera,32000000.0,1713888.888888889,39.0,101.0,25.0,43.0,28.0,101.0,1.0,0.622,0.6402584695647983
59,67,Oswaldo Cabrera,700000.0,0.0,23.0,38.0,21.0,19.0,15.0,44.0,3.0,0.74,0.6480482748380921
60,68,Lorenzo Cain,18000000.0,1592650.0,36.0,26.0,17.0,9.0,8.0,36.0,2.0,0.465,0.6266394209156322
61,69,Kole Calhoun,5200000.0,420000.0,34.0,76.0,36.0,49.0,27.0,136.0,3.0,0.587,0.6525554314065929
62,70,Alex Call,700000.0,0.0,27.0,27.0,18.0,13.0,15.0,30.0,3.0,0.748,0.6444708793702165
63,71,Johan Camargo,1400000.0,169000.0,28.0,36.0,8.0,15.0,13.0,37.0,0.0,0.613,0.6234192702295834
64,72,Jeimer Candelario,5800000.0,491666.6666666667,28.0,93.0,49.0,50.0,28.0,109.0,0.0,0.633,0.7062872802631163
65,73,Mark Canha,13000000.0,1564285.7142857143,33.0,123.0,71.0,61.0,48.0,97.0,3.0,0.77,0.7761813558452737
66,74,Victor Caratini,700000.0,0.0,28.0,54.0,26.0,34.0,31.0,67.0,0.0,0.642,0.6759917267019863
67,75,Dylan Carlson,700000.0,0.0,23.0,102.0,56.0,42.0,45.0,94.0,5.0,0.695,0.7012044934587309
68,76,Kerry Carpenter,700000.0,0.0,24.0,26.0,16.0,10.0,6.0,32.0,0.0,0.795,0.6348394967300757
69,77,Matt Carpenter,700000.0,1638181.818181818,36.0,39.0,28.0,37.0,19.0,35.0,0.0,1.138,0.7276691118911522
70,78,Corbin Carroll,700000.0,0.0,21.0,27.0,13.0,14.0,8.0,31.0,2.0,0.83,0.6373998519597994
71,79,Curt Casali,2600000.0,275000.0,33.0,30.0,20.0,17.0,24.0,50.0,0.0,0.649,0.6438485626798304
72,80,Nick Castellanos,20000000.0,1225000.0,30.0,138.0,56.0,62.0,29.0,130.0,7.0,0.694,0.6995211545160054
73,81,Diego Castillo,700000.0,0.0,24.0,54.0,28.0,29.0,14.0,75.0,1.0,0.633,0.6547395659969988
74,82,Harold Castro,1275000.0,0.0,28.0,114.0,37.0,47.0,17.0,79.0,0.0,0.681,0.6930858948399502
75,83,Rodolfo Castro,700000.0,0.0,23.0,59.0,25.0,27.0,22.0,74.0,5.0,0.725,0.6352412041458942
76,84,Willi Castro,700000.0,0.0,25.0,88.0,47.0,31.0,15.0,82.0,9.0,0.651,0.661680445913472
77,85,Jake Cave,700000.0,5500.0,29.0,35.0,17.0,20.0,11.0,49.0,2.0,0.644,0.6405840527655947
78,86,Gilberto Celestino,700000.0,0.0,23.0,74.0,30.0,24.0,32.0,77.0,4.0,0.615,0.6289117497862403
79,87,Yu Chang,700000.0,0.0,26.0,35.0,19.0,15.0,16.0,59.0,0.0,0.605,0.6239664268172548
80,88,Matt Chapman,12500000.0,1007083.3333333334,29.0,123.0,83.0,76.0,68.0,170.0,2.0,0.757,0.7719001498243302
81,89,Michael Chavis,700000.0,0.0,26.0,92.0,39.0,49.0,19.0,126.0,1.0,0.654,0.6639714851847653
82,90,Robinson Chirinos,900000.0,655971.0,38.0,35.0,10.0,22.0,19.0,67.0,1.0,0.552,0.6160072047950044
83,91,Jazz Chisholm Jr.,700000.0,0.0,24.0,54.0,39.0,45.0,21.0,66.0,12.0,0.86,0.7134148065352149
84,93,Ernie Clement,700000.0,0.0,26.0,30.0,19.0,6.0,11.0,26.0,0.0,0.452,0.6340480980701492
85,94,Kody Clemens,700000.0,0.0,26.0,17.0,13.0,17.0,8.0,33.0,1.0,0.505,0.6504698337777378
86,95,Willson Contreras,9625000.0,1297214.2857142857,30.0,101.0,65.0,55.0,45.0,103.0,4.0,0.815,0.7495233254010338
87,96,William Contreras,700000.0,0.0,24.0,93.0,51.0,45.0,39.0,104.0,2.0,0.86,0.6985153866553494
88,97,Garrett Cooper,2500000.0,175000.0,31.0,108.0,37.0,50.0,40.0,119.0,0.0,0.752,0.6653325909717207
89,98,Franchy Cordero,700000.0,-117833.33333333331,27.0,53.0,36.0,29.0,28.0,92.0,4.0,0.697,0.649914959527698
90,99,Carlos Correa,35100000.0,4322912.5,27.0,152.0,70.0,64.0,61.0,121.0,0.0,0.834,0.7502371101016028
91,100,Brandon Crawford,700000.0,1226583.3333333333,35.0,94.0,50.0,52.0,39.0,98.0,1.0,0.652,0.7237947934933011
92,101,J.P. Crawford,6000000.0,-3372300.0,27.0,126.0,57.0,42.0,68.0,80.0,3.0,0.675,0.7109187683145298
93,102,C.J. Cron,7250000.0,842187.5,32.0,148.0,79.0,102.0,43.0,164.0,0.0,0.783,0.8336250231257407
94,103,Jake Cronenworth,700000.0,0.0,28.0,140.0,88.0,88.0,70.0,131.0,3.0,0.722,0.8462110392984775
95,104,Nelson Cruz,12000000.0,699551.6666666666,41.0,105.0,50.0,64.0,49.0,119.0,4.0,0.651,0.7267934585545055
96,105,Oneil Cruz,700000.0,0.0,23.0,77.0,45.0,54.0,28.0,126.0,10.0,0.744,0.6828128016006979
97,106,Charlie Culberson,1750000.0,149166.66666666666,33.0,29.0,19.0,12.0,5.0,31.0,2.0,0.64,0.6426845686284554
98,107,Bobby Dalbec,700000.0,0.0,27.0,68.0,40.0,39.0,29.0,118.0,3.0,0.652,0.6545307448339643
99,108,Travis d'Arnaud,8000000.0,833160.0,33.0,106.0,61.0,60.0,19.0,90.0,0.0,0.791,0.7715780696899386
100,109,J.D. Davis,2760000.0,-429763.3333333333,29.0,79.0,46.0,35.0,39.0,122.0,1.0,0.758,0.6500117325333751
101,110,J.D. Davis,700000.0,-429763.3333333333,29.0,79.0,46.0,35.0,39.0,122.0,1.0,0.758,0.6500117325333751
102,111,Yonathan Daza,700000.0,0.0,28.0,112.0,56.0,34.0,26.0,58.0,0.0,0.733,0.7175530651927391
103,112,Paul DeJong,6166666.0,833333.1666666666,28.0,33.0,19.0,25.0,21.0,79.0,3.0,0.53,0.6282320752347783
104,113,Bryan De La Cruz,700000.0,0.0,25.0,83.0,38.0,43.0,19.0,90.0,4.0,0.725,0.6807677621458773
105,114,Jason Delay,700000.0,0.0,27.0,33.0,17.0,11.0,9.0,50.0,0.0,0.536,0.6181750761745887
106,115,Rafael Devers,11200000.0,1112500.0,25.0,164.0,84.0,88.0,50.0,114.0,3.0,0.879,0.8424406626491123
107,120,Corey Dickerson,5000000.0,354166.6666666667,33.0,75.0,28.0,36.0,12.0,48.0,0.0,0.698,0.6936452080643748
108,121,Josh Donaldson,21750000.0,1933272.7272727275,36.0,106.0,59.0,62.0,54.0,148.0,2.0,0.682,0.713050837800526
109,122,Brendan Donovan,700000.0,0.0,25.0,110.0,64.0,45.0,60.0,70.0,2.0,0.773,0.7527685454768553
110,123,Hunter Dozier,4750000.0,450000.0,30.0,109.0,51.0,41.0,34.0,125.0,4.0,0.679,0.6541663065991288
111,124,Brandon Drury,700000.0,-560000.0,29.0,136.0,87.0,87.0,38.0,126.0,2.0,0.813,0.8478735929858979
112,125,Brandon Drury,700000.0,-560000.0,29.0,136.0,87.0,87.0,38.0,126.0,2.0,0.813,0.8478735929858979
113,127,Matt Duffy,1500000.0,114000.0,31.0,57.0,14.0,16.0,17.0,50.0,0.0,0.619,0.6152807476117652
114,128,Ezequiel Duran,700000.0,0.0,23.0,49.0,25.0,25.0,12.0,54.0,4.0,0.643,0.6558076337000128
115,129,Jarren Duran,700000.0,0.0,25.0,45.0,23.0,17.0,14.0,63.0,7.0,0.645,0.6166929814229435
116,130,Adam Duvall,9275000.0,342500.0,33.0,61.0,39.0,36.0,21.0,101.0,0.0,0.677,0.6692806543814982
117,131,Nate Eaton,700000.0,0.0,25.0,28.0,16.0,12.0,10.0,30.0,11.0,0.717,0.6229970859214419
118,132,Tommy Edman,700000.0,0.0,27.0,153.0,95.0,57.0,46.0,111.0,32.0,0.725,0.7346769451046217
119,133,Adam Engel,2000000.0,289600.0,30.0,55.0,32.0,17.0,11.0,76.0,12.0,0.579,0.6080386981866847
120,134,Alcides Escobar,1000000.0,175000.0,35.0,27.0,12.0,8.0,5.0,32.0,1.0,0.542,0.6187603130763308
121,135,Eduardo Escobar,10000000.0,445833.4166666667,33.0,119.0,58.0,69.0,40.0,129.0,0.0,0.726,0.7465296040878014
122,136,Santiago Espinal,700000.0,0.0,27.0,120.0,51.0,51.0,36.0,68.0,6.0,0.692,0.7321896215697298
123,137,Thairo Estrada,700000.0,0.0,26.0,127.0,71.0,62.0,33.0,89.0,21.0,0.722,0.7533036532063664
124,138,Kyle Farmer,3155000.0,921666.6666666666,31.0,134.0,58.0,78.0,33.0,99.0,4.0,0.701,0.7881677982302786
125,139,David Fletcher,4000000.0,400000.0,28.0,55.0,20.0,17.0,7.0,16.0,1.0,0.621,0.6635321413028592
126,140,Wilmer Flores,3500000.0,298645.7,30.0,120.0,72.0,71.0,59.0,103.0,0.0,0.71,0.8079580973878016
127,141,Nick Fortes,700000.0,0.0,25.0,50.0,41.0,24.0,18.0,45.0,5.0,0.696,0.6927813831175005
128,142,Jake Fraley,700000.0,0.0,27.0,56.0,33.0,28.0,26.0,54.0,4.0,0.812,0.6781538326743228
129,143,Maikel Franco,700000.0,22812.5,29.0,85.0,31.0,39.0,12.0,75.0,1.0,0.597,0.6741778027346766
130,144,Ty France,700000.0,0.0,27.0,151.0,65.0,83.0,35.0,94.0,0.0,0.774,0.8204860811970487
131,145,Wander Franco,1454545.0,0.0,21.0,87.0,46.0,33.0,26.0,33.0,8.0,0.746,0.7182980769223544
132,146,Adam Frazier,8000000.0,468812.5,30.0,129.0,61.0,42.0,46.0,73.0,11.0,0.612,0.7094523521332122
133,147,Freddie Freeman,27000000.0,2222583.333333333,32.0,199.0,117.0,100.0,84.0,102.0,13.0,0.918,0.9240070374670013
134,149,Joey Gallo,10275000.0,629208.8888888889,28.0,56.0,48.0,47.0,56.0,163.0,3.0,0.638,0.6553261778783963
135,150,Joey Gallo,700000.0,629208.8888888889,28.0,56.0,48.0,47.0,56.0,163.0,3.0,0.638,0.6553261778783963
136,151,Ben Gamel,1800000.0,138716.66666666666,30.0,86.0,42.0,46.0,48.0,98.0,5.0,0.693,0.6881032206153067
137,153,Aramis Garcia,700000.0,0.0,29.0,23.0,6.0,4.0,3.0,34.0,0.0,0.507,0.5966728181164763
138,156,Jose Barrero,700000.0,0.0,24.0,25.0,13.0,10.0,9.0,76.0,4.0,0.401,0.5776998805623066
139,157,Leury Garcia,5500000.0,832416.6666666666,31.0,63.0,38.0,20.0,7.0,65.0,2.0,0.5,0.6529960409465352
140,159,Kyle Garlick,700000.0,0.0,30.0,35.0,23.0,18.0,8.0,48.0,0.0,0.717,0.6512919296748573
141,160,Mitch Garver,3335000.0,696875.0,31.0,39.0,23.0,24.0,23.0,53.0,1.0,0.702,0.6606782362241519
142,162,Paul Goldschmidt,26000000.0,2126500.0,34.0,178.0,106.0,115.0,79.0,141.0,7.0,0.981,0.9248120094583605
143,163,Yan Gomes,6000000.0,287500.0,34.0,65.0,23.0,31.0,8.0,47.0,2.0,0.625,0.671408380086084
144,165,Marwin Gonzalez,700000.0,229090.9090909091,33.0,34.0,20.0,18.0,14.0,54.0,3.0,0.576,0.6348381064675016
145,166,Oscar Gonzalez,700000.0,0.0,24.0,107.0,39.0,43.0,15.0,75.0,1.0,0.789,0.6913512498755506
146,168,Nick Gordon,700000.0,0.0,26.0,110.0,45.0,50.0,19.0,105.0,6.0,0.743,0.6831021121288969
147,169,Nolan Gorman,700000.0,0.0,22.0,64.0,44.0,35.0,28.0,103.0,1.0,0.721,0.6718392149326674
148,170,Yuli Gurriel,8000000.0,1085285.7142857143,38.0,132.0,53.0,53.0,30.0,73.0,8.0,0.647,0.7271844844358524
149,171,Yasmani Grandal,18250000.0,1500000.0,33.0,66.0,15.0,27.0,45.0,79.0,1.0,0.57,0.6149443709574501
150,172,Riley Greene,700000.0,0.0,21.0,95.0,46.0,42.0,36.0,120.0,1.0,0.682,0.6640509113759838
151,173,Didi Gregorius,15250000.0,1475900.0,32.0,45.0,17.0,19.0,13.0,36.0,1.0,0.567,0.648008377177011
152,174,Randal Grichuk,700000.0,597837.0,30.0,131.0,60.0,73.0,24.0,127.0,4.0,0.724,0.7502386228007749
153,175,Trent Grisham,700000.0,0.0,25.0,83.0,58.0,53.0,57.0,150.0,7.0,0.626,0.6860857090047422
154,176,Vaughn Grissom,700000.0,0.0,21.0,41.0,24.0,18.0,11.0,34.0,5.0,0.792,0.6563147121062439
155,177,Robbie Grossman,5000000.0,444750.0,32.0,86.0,40.0,45.0,56.0,129.0,6.0,0.622,0.6484144965012129
156,178,Robbie Grossman,700000.0,444750.0,32.0,86.0,40.0,45.0,56.0,129.0,6.0,0.622,0.6484144965012129
157,179,Vladimir Guerrero Jr.,7900000.0,0.0,23.0,175.0,90.0,97.0,58.0,116.0,8.0,0.818,0.8648566154538428
158,180,Luis Guillorme,875000.0,0.0,27.0,81.0,33.0,17.0,34.0,46.0,1.0,0.691,0.6485619416514229
159,181,Lourdes Gurriel Jr.,4928572.0,810714.4,28.0,132.0,52.0,52.0,31.0,83.0,3.0,0.743,0.7207633371030375
160,182,Eric Haase,700000.0,0.0,29.0,82.0,41.0,44.0,24.0,97.0,0.0,0.748,0.6902585727684034
161,183,Sam Haggerty,700000.0,0.0,28.0,45.0,29.0,23.0,18.0,53.0,13.0,0.738,0.6461292192269943
162,184,Darick Hall,700000.0,0.0,26.0,34.0,19.0,16.0,5.0,44.0,0.0,0.804,0.6418401444845431
163,185,Garrett Hampson,1863000.0,-5537937.25,27.0,42.0,29.0,15.0,21.0,63.0,12.0,0.594,0.6165031421470091
164,186,Mitch Haniger,7750000.0,1193316.6666666667,31.0,55.0,31.0,34.0,20.0,65.0,0.0,0.736,0.6869209911634631
165,187,Ian Happ,6850000.0,463916.6666666667,27.0,155.0,72.0,72.0,58.0,149.0,9.0,0.781,0.7314167315627422
166,188,Bryce Harper,27538461.0,1230769.181818182,29.0,106.0,63.0,65.0,46.0,87.0,11.0,0.877,0.7759204490476783
167,189,Josh Harrison,4000000.0,410545.4545454545,34.0,99.0,50.0,27.0,21.0,71.0,2.0,0.687,0.6746914400131704
168,190,Michael Harris II,700000.0,-3300000.0,21.0,123.0,75.0,64.0,21.0,107.0,20.0,0.853,0.7515753509527118
169,191,Ke'Bryan Hayes,10000000.0,0.0,25.0,123.0,55.0,41.0,48.0,122.0,20.0,0.659,0.632045833508032
170,192,Austin Hays,700000.0,0.0,26.0,134.0,66.0,60.0,34.0,114.0,2.0,0.719,0.7412793315092606
171,193,Austin Hedges,4000000.0,577150.0,29.0,48.0,26.0,30.0,25.0,78.0,2.0,0.489,0.6524246311396844
172,194,Jonah Heim,700000.0,0.0,27.0,92.0,51.0,48.0,41.0,87.0,2.0,0.697,0.7250294931295479
173,195,Tyler Heineman,700000.0,0.0,31.0,34.0,16.0,9.0,8.0,17.0,1.0,0.544,0.641837262964618
174,196,Gunnar Henderson,700000.0,0.0,21.0,30.0,12.0,18.0,16.0,34.0,1.0,0.788,0.6445331220151012
175,201,Jose Herrera,700000.0,0.0,25.0,21.0,9.0,5.0,9.0,34.0,0.0,0.457,0.6069873621749855
176,203,Jason Heyward,22000000.0,1661538.4615384615,32.0,28.0,15.0,10.0,11.0,32.0,1.0,0.556,0.6304728634865302
177,204,Aaron Hicks,10785714.0,-1128078.6,32.0,83.0,54.0,40.0,62.0,109.0,10.0,0.642,0.6779372614927162
178,205,Kyle Higashioka,935000.0,0.0,32.0,52.0,27.0,31.0,12.0,52.0,0.0,0.653,0.684421277367396
179,206,P.J. Higgins,700000.0,0.0,29.0,46.0,23.0,30.0,22.0,58.0,0.0,0.693,0.6709399000580971
180,207,Sam Hilliard,700000.0,0.0,28.0,32.0,26.0,14.0,23.0,57.0,5.0,0.544,0.6306939392503421
181,208,Keston Hiura,700000.0,0.0,25.0,53.0,34.0,32.0,23.0,111.0,5.0,0.765,0.632968604211264
182,209,Nico Hoerner,700000.0,0.0,25.0,135.0,60.0,55.0,28.0,57.0,20.0,0.736,0.7411939169773384
183,210,Rhys Hoskins,7700000.0,487083.3333333333,29.0,145.0,81.0,79.0,72.0,169.0,2.0,0.794,0.7670434104392333
184,211,Eric Hosmer,21000000.0,1708125.0,32.0,102.0,38.0,44.0,37.0,64.0,0.0,0.716,0.7090553696884846
185,212,Sam Huff,700000.0,0.0,24.0,29.0,9.0,10.0,11.0,42.0,1.0,0.675,0.6076271306493105
186,213,Cooper Hummel,700000.0,0.0,27.0,31.0,20.0,17.0,23.0,64.0,4.0,0.58,0.6221452086715054
187,216,Jonathan India,700000.0,0.0,25.0,96.0,48.0,41.0,31.0,94.0,3.0,0.705,0.6875098526265976
188,217,Kyle Isbel,700000.0,0.0,25.0,54.0,32.0,28.0,16.0,75.0,9.0,0.603,0.6463956603345407
189,218,Danny Jansen,1950000.0,-2950.0,27.0,56.0,34.0,44.0,25.0,44.0,1.0,0.855,0.7410706371497952
190,219,Ryan Jeffers,700000.0,0.0,25.0,44.0,25.0,27.0,23.0,62.0,0.0,0.648,0.6633998448946634
191,221,Connor Joe,700000.0,0.0,29.0,96.0,56.0,28.0,55.0,97.0,6.0,0.697,0.6601179827935543
192,222,Aaron Judge,19000000.0,3150000.0,30.0,177.0,133.0,131.0,111.0,175.0,16.0,1.111,0.9777056133094246
193,223,Josh Jung,700000.0,0.0,24.0,20.0,9.0,14.0,4.0,39.0,2.0,0.654,0.6242442627861168
194,224,Jarred Kelenic,700000.0,0.0,22.0,23.0,20.0,17.0,16.0,61.0,5.0,0.534,0.6268765577432489
195,225,Carson Kelly,3325000.0,406250.0,27.0,67.0,40.0,35.0,29.0,71.0,2.0,0.617,0.6932716264034903
196,226,Tony Kemp,2250000.0,200000.0,30.0,117.0,61.0,46.0,45.0,69.0,11.0,0.641,0.7306745099512739
197,227,Max Kepler,6750000.0,886071.4285714285,29.0,88.0,54.0,43.0,49.0,66.0,3.0,0.666,0.739051218133312
198,228,Kevin Kiermaier,12166666.0,1294762.888888889,32.0,47.0,28.0,22.0,14.0,61.0,6.0,0.649,0.6438687409451529
199,230,Isiah Kiner-Falefa,4700000.0,540000.0,27.0,126.0,66.0,48.0,35.0,72.0,22.0,0.642,0.7195088269981813
200,231,Alex Kirilloff,700000.0,0.0,24.0,36.0,14.0,21.0,5.0,36.0,0.0,0.651,0.6531496026566708
201,232,Alejandro Kirk,700000.0,0.0,23.0,134.0,59.0,63.0,63.0,58.0,0.0,0.786,0.7982049182468018
202,233,Andrew Knizner,700000.0,0.0,27.0,56.0,28.0,25.0,26.0,62.0,0.0,0.601,0.658177677722777
203,234,Steven Kwan,700000.0,0.0,24.0,168.0,89.0,52.0,62.0,60.0,19.0,0.772,0.7764562626347179
204,235,Shea Langeliers,700000.0,0.0,24.0,31.0,14.0,22.0,9.0,53.0,0.0,0.691,0.641357120214309
205,236,Trevor Larnach,700000.0,0.0,25.0,37.0,22.0,18.0,18.0,57.0,0.0,0.712,0.6398085181890759
206,237,Tommy La Stella,5250000.0,616666.6666666666,33.0,43.0,17.0,14.0,11.0,30.0,0.0,0.632,0.6424237566452482
207,239,Charles Leblanc,700000.0,0.0,26.0,41.0,18.0,11.0,12.0,53.0,4.0,0.723,0.606606675845695
208,240,DJ LeMahieu,15000000.0,1318090.9090909092,33.0,122.0,74.0,46.0,67.0,71.0,4.0,0.734,0.7661077933917702
209,241,Francisco Lindor,34100000.0,4194962.5,28.0,170.0,98.0,107.0,59.0,133.0,16.0,0.788,0.8809859718669022
210,242,Evan Longoria,19666667.0,1277777.8,36.0,65.0,31.0,42.0,27.0,83.0,0.0,0.767,0.6870069264667515
211,243,Alejo Lopez,700000.0,0.0,26.0,38.0,15.0,10.0,9.0,21.0,3.0,0.645,0.6332784782784361
212,244,Nicky Lopez,2550000.0,0.0,27.0,99.0,51.0,20.0,29.0,63.0,13.0,0.554,0.6465873899617081
213,245,Brandon Lowe,4000000.0,600000.0,27.0,52.0,31.0,25.0,27.0,61.0,1.0,0.691,0.6655666951452309
214,246,Josh Lowe,700000.0,0.0,24.0,40.0,24.0,13.0,15.0,66.0,3.0,0.627,0.613617780242481
215,247,Nathaniel Lowe,700000.0,0.0,26.0,179.0,74.0,76.0,48.0,147.0,2.0,0.851,0.7486230745562977
216,248,Jed Lowrie,850000.0,34666.666666666664,38.0,30.0,14.0,16.0,15.0,39.0,1.0,0.508,0.6377167996777944
217,249,Jordan Luplow,1400000.0,0.0,28.0,36.0,26.0,28.0,25.0,60.0,5.0,0.634,0.6657414930134156
218,250,Gavin Lux,700000.0,0.0,24.0,116.0,66.0,42.0,47.0,95.0,7.0,0.745,0.710379088212573
219,251,Manny Machado,32000000.0,2958750.0,29.0,172.0,100.0,102.0,63.0,133.0,9.0,0.898,0.8821182590457776
220,253,Bligh Madris,700000.0,0.0,26.0,20.0,10.0,7.0,10.0,31.0,2.0,0.509,0.6148936062099202
221,254,Nick Madrigal,700000.0,0.0,25.0,52.0,19.0,7.0,14.0,27.0,3.0,0.588,0.6202827934689802
222,255,Luke Maile,900000.0,68320.0,31.0,40.0,19.0,17.0,19.0,54.0,0.0,0.627,0.6325542592736176
223,257,Trey Mancini,7500000.0,416666.6666666667,30.0,124.0,56.0,63.0,53.0,135.0,0.0,0.71,0.7177320600023193
224,258,Trey Mancini,700000.0,416666.6666666667,30.0,124.0,56.0,63.0,53.0,135.0,0.0,0.71,0.7177320600023193
225,259,Tucupita Marcano,700000.0,0.0,22.0,33.0,18.0,13.0,10.0,44.0,2.0,0.562,0.6286572462508322
226,260,Manuel Margot,5600000.0,373583.3333333333,27.0,92.0,36.0,47.0,24.0,68.0,7.0,0.7,0.7013925111376149
227,261,Brandon Marsh,700000.0,0.0,24.0,104.0,49.0,52.0,28.0,158.0,10.0,0.679,0.6395072695142481
228,262,Brandon Marsh,700000.0,0.0,24.0,104.0,49.0,52.0,28.0,158.0,10.0,0.679,0.6395072695142481
229,263,Ketel Marte,8400000.0,875000.0,28.0,118.0,68.0,52.0,55.0,101.0,5.0,0.727,0.7398370354656638
230,264,Starling Marte,15750000.0,833333.3846153846,33.0,136.0,76.0,63.0,26.0,97.0,18.0,0.814,0.7584391245985899
231,265,J.D. Martinez,19350000.0,873076.9230769231,34.0,146.0,76.0,62.0,52.0,145.0,0.0,0.79,0.734499253495438
232,266,Michael Massey,700000.0,0.0,24.0,42.0,16.0,17.0,9.0,46.0,3.0,0.683,0.6278212097482434
233,267,Jorge Mateo,700000.0,0.0,27.0,109.0,63.0,50.0,27.0,147.0,35.0,0.646,0.6279775170542718
234,268,Nomar Mazara,700000.0,393364.28571428574,27.0,42.0,16.0,18.0,10.0,40.0,0.0,0.668,0.6420132424869256
235,269,James McCann,8150000.0,768750.0,32.0,34.0,19.0,18.0,11.0,46.0,3.0,0.538,0.6407637884040944
236,270,Jake McCarthy,700000.0,0.0,24.0,91.0,53.0,43.0,23.0,76.0,23.0,0.769,0.6892239671979539
237,271,Chas McCormick,700000.0,0.0,27.0,88.0,47.0,44.0,46.0,106.0,4.0,0.738,0.6849875039140761
238,272,Andrew McCutchen,8500000.0,488500.0,35.0,122.0,66.0,69.0,57.0,124.0,8.0,0.7,0.7538293148676247
239,273,Reese McGuire,700000.0,0.0,27.0,67.0,25.0,22.0,12.0,56.0,1.0,0.677,0.6416542274178831
240,274,Reese McGuire,700000.0,0.0,27.0,67.0,25.0,22.0,12.0,56.0,1.0,0.677,0.6416542274178831
241,275,Ryan McKenna,700000.0,0.0,25.0,37.0,23.0,11.0,11.0,55.0,2.0,0.634,0.6200033456588273
242,276,Zach McKinstry,700000.0,0.0,27.0,33.0,21.0,14.0,16.0,52.0,7.0,0.635,0.6212561830373241
243,277,Ryan McMahon,5000000.0,-363000.0,27.0,130.0,67.0,67.0,60.0,158.0,7.0,0.741,0.7135266312761733
244,278,Jeff McNeil,3000000.0,0.0,30.0,174.0,73.0,62.0,40.0,61.0,4.0,0.836,0.7928444171905937
245,279,Austin Meadows,700000.0,0.0,27.0,32.0,9.0,11.0,16.0,17.0,0.0,0.675,0.6365890528777587
246,281,MJ Melendez,700000.0,0.0,23.0,100.0,57.0,62.0,66.0,131.0,2.0,0.706,0.7300725281489358
247,282,Danny Mendick,700000.0,0.0,28.0,28.0,22.0,15.0,7.0,23.0,1.0,0.786,0.6678166228135043
248,283,Joey Meneses,700000.0,0.0,30.0,72.0,33.0,34.0,15.0,52.0,1.0,0.93,0.6939413504172123
249,285,Whit Merrifield,7000000.0,803812.5,33.0,126.0,70.0,58.0,38.0,85.0,16.0,0.673,0.7533724676258731
250,286,Whit Merrifield,700000.0,803812.5,33.0,126.0,70.0,58.0,38.0,85.0,16.0,0.673,0.7533724676258731
251,287,Jake Meyers,700000.0,0.0,26.0,34.0,13.0,15.0,7.0,54.0,2.0,0.582,0.6133316537850746
252,288,Brad Miller,6000000.0,706490.0,32.0,47.0,20.0,32.0,18.0,70.0,4.0,0.59,0.6506891315983703
253,289,Owen Miller,700000.0,0.0,25.0,103.0,53.0,51.0,32.0,93.0,2.0,0.652,0.7255661696942327
254,290,Jose Miranda,700000.0,0.0,24.0,119.0,45.0,66.0,28.0,91.0,1.0,0.751,0.7478416935020057
255,291,Calvin Mitchell,700000.0,0.0,23.0,48.0,21.0,17.0,18.0,52.0,3.0,0.635,0.6295535180130144
256,292,Yadier Molina,10000000.0,458333.3333333333,39.0,56.0,19.0,24.0,5.0,40.0,2.0,0.535,0.6546376779517191
257,294,Elehuris Montero,700000.0,0.0,23.0,41.0,21.0,20.0,8.0,60.0,0.0,0.702,0.6377938995683667
258,295,Dylan Moore,1350000.0,41000.0,29.0,46.0,41.0,24.0,34.0,75.0,21.0,0.753,0.6377454626647908
259,296,Colin Moran,1000000.0,-714100.0,29.0,23.0,11.0,23.0,16.0,30.0,0.0,0.681,0.6659447457281131
260,297,Christopher Morel,700000.0,0.0,23.0,89.0,55.0,47.0,38.0,137.0,10.0,0.741,0.6667910015303592
261,298,Ryan Mountcastle,700000.0,0.0,25.0,139.0,62.0,85.0,43.0,154.0,4.0,0.729,0.7583984203516273
262,299,Mike Moustakas,16000000.0,1439442.3076923075,33.0,54.0,30.0,25.0,24.0,75.0,2.0,0.64,0.6463662228288484
263,301,Max Muncy,13000000.0,1775000.0,31.0,91.0,69.0,69.0,90.0,141.0,2.0,0.713,0.7701658713302452
264,302,Sean Murphy,700000.0,0.0,27.0,134.0,67.0,66.0,56.0,124.0,1.0,0.759,0.7534482042316345
265,303,Wil Myers,22500000.0,2199580.0,31.0,68.0,29.0,41.0,21.0,86.0,2.0,0.713,0.6717402154549398
266,304,Tyler Naquin,4025000.0,-282142.8571428572,31.0,71.0,47.0,46.0,19.0,93.0,4.0,0.705,0.7103106494694689
267,305,Tyler Naquin,700000.0,-282142.8571428572,31.0,71.0,47.0,46.0,19.0,93.0,4.0,0.705,0.7103106494694689
268,307,Josh Naylor,1200000.0,0.0,25.0,115.0,47.0,79.0,38.0,80.0,6.0,0.771,0.794212380294415
269,308,Sheldon Neuse,700000.0,0.0,27.0,58.0,25.0,26.0,20.0,80.0,6.0,0.561,0.6248989818706777
270,309,Tyler Nevin,700000.0,0.0,25.0,31.0,17.0,16.0,20.0,46.0,0.0,0.56,0.6382366238016476
271,310,Kevin Newman,1950000.0,0.0,28.0,79.0,31.0,24.0,16.0,48.0,8.0,0.687,0.6501217193688233
272,312,Brandon Nimmo,7000000.0,979166.6666666666,29.0,159.0,102.0,64.0,71.0,116.0,3.0,0.8,0.8123486684230345
273,313,Austin Nola,700000.0,0.0,32.0,87.0,40.0,40.0,34.0,60.0,2.0,0.649,0.7094071774943853
274,314,Lars Nootbaar,700000.0,0.0,24.0,66.0,53.0,40.0,51.0,71.0,4.0,0.788,0.7324449093534701
275,315,Rougned Odor,700000.0,1313275.888888889,28.0,88.0,49.0,53.0,32.0,109.0,6.0,0.632,0.7072313605614228
276,316,Ryan O'Hearn,1300000.0,0.0,28.0,32.0,14.0,16.0,8.0,35.0,0.0,0.611,0.6420616865363271
277,317,Shohei Ohtani,5500000.0,370000.0,27.0,160.0,90.0,95.0,72.0,161.0,11.0,0.875,0.8163333149828472
278,318,Edward Olivares,700000.0,0.0,26.0,46.0,24.0,15.0,10.0,36.0,2.0,0.743,0.6483858693250247
279,319,Matt Olson,15000000.0,1671250.0,28.0,148.0,86.0,103.0,75.0,170.0,0.0,0.802,0.8467578180292707
280,320,Tyler O'Neill,3400000.0,0.0,27.0,76.0,56.0,58.0,38.0,103.0,14.0,0.7,0.7342771450048475
281,321,Rafael Ortega,700000.0,0.0,31.0,76.0,35.0,35.0,44.0,74.0,12.0,0.688,0.6595834190296053
282,322,Marcell Ozuna,16000000.0,1549500.0,31.0,106.0,56.0,56.0,31.0,122.0,2.0,0.687,0.7147967344464825
283,323,Cristian Pache,700000.0,0.0,23.0,40.0,18.0,18.0,15.0,70.0,2.0,0.459,0.6133457996352419
284,324,Richie Palacios,700000.0,0.0,25.0,26.0,7.0,10.0,9.0,20.0,2.0,0.578,0.6256103645489182
285,325,Isaac Paredes,700000.0,0.0,23.0,68.0,48.0,45.0,44.0,67.0,0.0,0.74,0.7460596655955427
286,326,Vinnie Pasquantino,700000.0,0.0,24.0,76.0,25.0,26.0,35.0,34.0,1.0,0.832,0.6727305731939269
287,327,Joc Pederson,6000000.0,-194444.44444444444,30.0,104.0,57.0,70.0,42.0,100.0,3.0,0.874,0.7791818214397652
288,329,David Peralta,700000.0,647600.0,34.0,110.0,39.0,59.0,41.0,114.0,1.0,0.731,0.697523687601276
289,330,David Peralta,7500000.0,647600.0,34.0,110.0,39.0,59.0,41.0,114.0,1.0,0.731,0.697523687601276
290,331,Geraldo Perdomo,700000.0,0.0,22.0,84.0,58.0,40.0,50.0,103.0,9.0,0.547,0.6925679492526973
291,332,Michael Perez,700000.0,0.0,29.0,18.0,10.0,14.0,10.0,32.0,1.0,0.511,0.6365121746678228
292,333,Salvador Perez,18000000.0,1568181.818181818,32.0,113.0,48.0,76.0,18.0,109.0,0.0,0.757,0.7679964467799115
293,334,Jace Peterson,1825000.0,186000.0,32.0,68.0,44.0,34.0,33.0,85.0,12.0,0.698,0.6668668186212547
294,335,Tommy Pham,700000.0,352990.0,34.0,131.0,89.0,63.0,56.0,167.0,8.0,0.686,0.7350582292296386
295,336,Tommy Pham,6000000.0,352990.0,34.0,131.0,89.0,63.0,56.0,167.0,8.0,0.686,0.7350582292296386
296,337,Brett Phillips,1400000.0,0.0,28.0,29.0,22.0,15.0,16.0,94.0,7.0,0.466,0.5852291772926459
297,338,Chad Pinder,2725000.0,435000.0,30.0,85.0,38.0,42.0,14.0,118.0,2.0,0.648,0.6514774067737705
298,339,Stephen Piscotty,7583334.0,883854.25,31.0,24.0,12.0,14.0,9.0,48.0,2.0,0.593,0.6195542057578003
299,340,Kevin Plawecki,2250000.0,241789.85714285716,31.0,37.0,15.0,13.0,14.0,32.0,0.0,0.572,0.636591899721962
300,341,Jorge Polanco,5500000.0,708571.4285714285,28.0,88.0,54.0,56.0,64.0,95.0,3.0,0.751,0.7475638939983946
301,343,Nick Pratto,700000.0,0.0,23.0,29.0,18.0,20.0,19.0,66.0,0.0,0.657,0.6321638385218611
302,344,Jurickson Profar,8000000.0,1056428.5714285714,29.0,140.0,82.0,58.0,73.0,103.0,5.0,0.723,0.773870571547263
303,345,Albert Pujols,2500000.0,1072222.2222222222,42.0,83.0,42.0,68.0,28.0,55.0,1.0,0.895,0.801611423003225
304,346,Cal Raleigh,700000.0,0.0,25.0,78.0,46.0,63.0,38.0,122.0,1.0,0.774,0.7302382086045134
305,349,J.T. Realmuto,23875000.0,2917812.5,31.0,139.0,75.0,84.0,41.0,119.0,21.0,0.82,0.7882636304403184
306,350,Rob Refsnyder,100000.0,0.0,31.0,47.0,25.0,21.0,15.0,46.0,1.0,0.881,0.6588943061672546
307,351,Anthony Rendon,36571429.0,3562142.9,32.0,38.0,15.0,24.0,23.0,35.0,2.0,0.706,0.6615901128884257
308,352,Hunter Renfroe,7650000.0,-4827938.166666667,30.0,121.0,62.0,72.0,39.0,121.0,1.0,0.807,0.7685936996841966
309,353,Luis Rengifo,700000.0,0.0,25.0,129.0,45.0,52.0,17.0,79.0,6.0,0.724,0.7059865096560692
310,354,Franmil Reyes,4550000.0,0.0,26.0,97.0,43.0,47.0,30.0,157.0,2.0,0.638,0.6313806490353677
311,355,Franmil Reyes,700000.0,0.0,26.0,97.0,43.0,47.0,30.0,157.0,2.0,0.638,0.6313806490353677
312,356,Victor Reyes,1400000.0,-4100.0,27.0,80.0,27.0,34.0,13.0,77.0,2.0,0.651,0.6505505418966615
313,357,Bryan Reynolds,6750000.0,0.0,27.0,142.0,74.0,62.0,56.0,141.0,7.0,0.807,0.7247168118200016
314,358,Matt Reynolds,700000.0,0.0,31.0,60.0,31.0,23.0,26.0,78.0,5.0,0.652,0.63171350952943
315,359,Austin Riley,3950000.0,0.0,25.0,168.0,90.0,93.0,57.0,168.0,2.0,0.878,0.8140382665226291
316,360,Alfonso Rivas,700000.0,0.0,25.0,59.0,27.0,25.0,29.0,87.0,6.0,0.628,0.6191008370374187
317,361,Emmanuel Rivera,700000.0,0.0,26.0,77.0,46.0,40.0,23.0,83.0,1.0,0.702,0.7039057524451161
318,362,Emmanuel Rivera,700000.0,0.0,26.0,77.0,46.0,40.0,23.0,83.0,1.0,0.702,0.7039057524451161
319,363,Anthony Rizzo,16000000.0,1173076.923076923,32.0,104.0,77.0,75.0,58.0,101.0,6.0,0.817,0.828906641510897
320,365,Victor Robles,1650000.0,0.0,25.0,82.0,42.0,33.0,17.0,104.0,15.0,0.584,0.6275449174337745
321,366,Brendan Rodgers,700000.0,0.0,25.0,140.0,72.0,63.0,46.0,101.0,0.0,0.733,0.776612614361387
322,368,Josh Rojas,700000.0,0.0,28.0,119.0,66.0,56.0,55.0,98.0,23.0,0.739,0.7188469867935009
323,369,Miguel Rojas,5000000.0,498777.77777777775,33.0,111.0,34.0,36.0,26.0,61.0,9.0,0.605,0.6606292746143808
324,370,Amed Rosario,4950000.0,429426.6666666667,26.0,180.0,86.0,71.0,25.0,111.0,18.0,0.715,0.7658599804848027
325,371,Eddie Rosario,9000000.0,828611.1111111111,30.0,53.0,27.0,24.0,17.0,68.0,3.0,0.587,0.6428575984250672
326,372,Darin Ruf,3000000.0,290000.0,35.0,68.0,52.0,45.0,45.0,105.0,2.0,0.645,0.712040810209903
327,373,Keibert Ruiz,700000.0,0.0,23.0,99.0,33.0,36.0,30.0,50.0,6.0,0.673,0.6810613034768854
328,374,Adley Rutschman,700000.0,0.0,24.0,101.0,70.0,42.0,65.0,86.0,4.0,0.806,0.7413266946282282
329,377,Anthony Santander,3150000.0,-1880700.0,27.0,138.0,78.0,89.0,55.0,122.0,0.0,0.773,0.8430553080401728
330,378,Carlos Santana,10500000.0,720242.8571428572,36.0,87.0,52.0,60.0,71.0,88.0,0.0,0.692,0.7681726853699133
331,379,Carlos Santana,700000.0,720242.8571428572,36.0,87.0,52.0,60.0,71.0,88.0,0.0,0.692,0.7681726853699133
332,380,Jonathan Schoop,7500000.0,687500.0,30.0,97.0,48.0,38.0,19.0,107.0,5.0,0.561,0.6609490168231674
333,381,Kyle Schwarber,19000000.0,2305562.5,29.0,126.0,100.0,94.0,86.0,200.0,10.0,0.827,0.8131178458200217
334,382,Frank Schwindel,700000.0,0.0,30.0,62.0,23.0,36.0,19.0,58.0,0.0,0.635,0.6800886261050323
335,383,Corey Seager,33000000.0,4061250.0,28.0,145.0,91.0,83.0,58.0,103.0,3.0,0.772,0.8633492419290822
336,384,Jean Segura,14850000.0,1305272.7272727273,32.0,98.0,45.0,33.0,25.0,58.0,13.0,0.723,0.6767888126797372
337,385,Marcus Semien,25000000.0,2722222.222222222,31.0,163.0,101.0,83.0,53.0,120.0,25.0,0.733,0.819433915955285
338,386,Nick Senzel,1250000.0,0.0,27.0,86.0,45.0,25.0,30.0,76.0,8.0,0.601,0.6503679162655274
339,387,Brian Serven,700000.0,0.0,27.0,38.0,19.0,16.0,13.0,44.0,0.0,0.593,0.6404571569257377
340,388,Gavin Sheets,700000.0,0.0,26.0,91.0,34.0,53.0,27.0,86.0,0.0,0.706,0.7087945782609877
341,389,Jose Siri,700000.0,0.0,26.0,64.0,53.0,24.0,20.0,108.0,14.0,0.607,0.6307464669943346
342,390,Jose Siri,700000.0,0.0,26.0,64.0,53.0,24.0,20.0,108.0,14.0,0.607,0.6307464669943346
343,391,Austin Slater,1850000.0,116666.66666666669,29.0,73.0,49.0,34.0,40.0,89.0,12.0,0.774,0.6709849146062561
344,392,Dominic Smith,3950000.0,233333.3333333333,27.0,26.0,11.0,17.0,12.0,37.0,0.0,0.56,0.6399729487873733
345,394,Kevin Smith,700000.0,0.0,25.0,25.0,9.0,13.0,7.0,42.0,4.0,0.518,0.6126858266085573
346,395,Pavin Smith,700000.0,0.0,26.0,54.0,24.0,33.0,28.0,67.0,1.0,0.667,0.6671624997297839
347,396,Will Smith,700000.0,0.0,27.0,132.0,68.0,87.0,56.0,96.0,1.0,0.807,0.844862596449393
348,397,Donovan Solano,4500000.0,449285.7142857143,34.0,79.0,22.0,24.0,19.0,61.0,0.0,0.724,0.6325664238879155
349,398,Jorge Soler,12000000.0,436111.1111111111,30.0,56.0,32.0,34.0,31.0,90.0,0.0,0.695,0.6637243802220223
350,399,Edmundo Sosa,700000.0,0.0,26.0,40.0,26.0,21.0,5.0,50.0,6.0,0.644,0.6509509547360898
351,400,Juan Soto,17100000.0,1433333.3333333333,23.0,127.0,93.0,62.0,135.0,96.0,6.0,0.853,0.8235746110699258
352,401,Juan Soto,700000.0,1433333.3333333333,23.0,127.0,93.0,62.0,135.0,96.0,6.0,0.853,0.8235746110699258
353,402,George Springer,29666666.0,3239307.333333333,32.0,137.0,89.0,76.0,54.0,100.0,14.0,0.814,0.8271071448084302
354,403,Jacob Stallings,2450000.0,253500.0,32.0,77.0,25.0,34.0,29.0,83.0,0.0,0.584,0.6463710031264722
355,404,Giancarlo Stanton,29000000.0,2598545.4545454546,32.0,84.0,53.0,78.0,50.0,137.0,0.0,0.759,0.7715253276161287
356,405,Max Stassi,3000000.0,610725.0,31.0,60.0,32.0,30.0,38.0,112.0,0.0,0.571,0.6284301015094277
357,406,Spencer Steer,700000.0,0.0,24.0,20.0,12.0,8.0,11.0,26.0,0.0,0.632,0.6304019816518481
358,407,Tyler Stephenson,700000.0,0.0,25.0,53.0,24.0,35.0,12.0,47.0,1.0,0.854,0.6926407606515806
359,408,Trevor Story,20000000.0,2784642.8571428573,29.0,85.0,53.0,66.0,32.0,122.0,13.0,0.737,0.7285644090194056
360,409,Bryson Stott,700000.0,0.0,24.0,100.0,58.0,49.0,36.0,89.0,12.0,0.653,0.7186347571529016
361,410,Myles Straw,1650000.0,0.0,27.0,118.0,72.0,32.0,54.0,87.0,21.0,0.564,0.6776685281414985
362,411,Garrett Stubbs,700000.0,0.0,29.0,28.0,19.0,16.0,14.0,30.0,2.0,0.812,0.6562131195253079
363,413,Jack Suwinski,700000.0,0.0,23.0,66.0,45.0,38.0,41.0,114.0,4.0,0.709,0.6659760746861032
364,414,Kurt Suzuki,1750000.0,120147.0588235294,38.0,25.0,10.0,15.0,15.0,29.0,0.0,0.561,0.6410971069425122
365,415,Seiya Suzuki,8000000.0,6250000.0,27.0,104.0,54.0,46.0,42.0,110.0,9.0,0.77,0.68418642513449
366,416,Dansby Swanson,10000000.0,1351428.5714285714,28.0,177.0,99.0,96.0,49.0,182.0,18.0,0.776,0.7941615813940163
367,417,Raimel Tapia,3950000.0,400000.0,28.0,109.0,47.0,52.0,16.0,81.0,8.0,0.672,0.714178907168168
368,418,Leody Taveras,700000.0,0.0,23.0,82.0,39.0,34.0,21.0,88.0,11.0,0.675,0.6477814747654186
369,419,Chris Taylor,15000000.0,1803125.0,31.0,89.0,45.0,43.0,44.0,160.0,10.0,0.677,0.6120750599295648
370,420,Michael A. Taylor,4500000.0,-1750000.0,31.0,105.0,49.0,43.0,35.0,109.0,4.0,0.67,0.6741393943222844
371,421,Tyrone Taylor,700000.0,0.0,28.0,87.0,49.0,51.0,22.0,102.0,3.0,0.729,0.713615177293112
372,422,Rowdy Tellez,1940000.0,0.0,27.0,116.0,67.0,89.0,62.0,121.0,2.0,0.767,0.829479904592641
373,423,Alek Thomas,700000.0,0.0,22.0,88.0,45.0,39.0,22.0,74.0,4.0,0.619,0.6976616397727209
374,424,Lane Thomas,700000.0,0.0,26.0,120.0,62.0,52.0,41.0,132.0,8.0,0.705,0.6889657163753615
375,425,Bubba Thompson,700000.0,0.0,24.0,45.0,18.0,9.0,7.0,56.0,18.0,0.613,0.5715191931501069
376,426,Trayce Thompson,700000.0,0.0,31.0,56.0,36.0,41.0,32.0,93.0,4.0,0.86,0.6819242537102796
377,427,Michael Toglia,700000.0,0.0,23.0,24.0,10.0,12.0,9.0,44.0,1.0,0.653,0.6155971003700591
378,428,Spencer Torkelson,700000.0,0.0,22.0,73.0,38.0,28.0,37.0,99.0,0.0,0.604,0.6417879846419733
379,429,Abraham Toro,700000.0,0.0,25.0,60.0,36.0,35.0,22.0,65.0,2.0,0.563,0.6941887405713358
380,430,Gleyber Torres,6250000.0,171040.0,25.0,135.0,73.0,76.0,39.0,129.0,10.0,0.761,0.7718962670330256
381,431,Luis Torrens,700000.0,-1905000.0,26.0,34.0,13.0,15.0,12.0,50.0,0.0,0.581,0.6211925756494638
382,432,Taylor Trammell,700000.0,0.0,24.0,20.0,15.0,10.0,13.0,33.0,2.0,0.686,0.631746878313741
383,433,Alan Trejo,700000.0,0.0,26.0,32.0,15.0,17.0,5.0,31.0,1.0,0.736,0.6490940618955165
384,434,Jose Trevino,700000.0,0.0,29.0,83.0,39.0,43.0,15.0,62.0,2.0,0.671,0.7145133254734379
385,435,Mike Trout,37116666.0,3052013.833333333,30.0,124.0,85.0,80.0,54.0,139.0,1.0,0.999,0.8192408096850223
386,436,Yoshi Tsutsugo,4000000.0,0.0,30.0,29.0,11.0,19.0,19.0,50.0,0.0,0.478,0.6314454608075111
387,437,Kyle Tucker,700000.0,0.0,25.0,140.0,71.0,107.0,59.0,95.0,25.0,0.808,0.864087620747418
388,438,Justin Turner,20000000.0,1625732.5833333333,37.0,130.0,61.0,81.0,50.0,89.0,3.0,0.788,0.8178302112201867
389,439,Trea Turner,21000000.0,1555637.5,29.0,194.0,101.0,100.0,45.0,131.0,27.0,0.809,0.8376740807802968
390,442,Gio Urshela,6550000.0,679166.6666666666,30.0,143.0,61.0,64.0,41.0,96.0,1.0,0.767,0.7587514292474239
391,443,Josh VanMeter,700000.0,0.0,27.0,32.0,15.0,14.0,19.0,45.0,4.0,0.558,0.6220789542653049
392,444,Ildemaro Vargas,700000.0,-334000.0,30.0,55.0,19.0,23.0,8.0,23.0,3.0,0.691,0.6681018960145453
393,445,Daulton Varsho,700000.0,0.0,25.0,125.0,79.0,74.0,46.0,145.0,16.0,0.745,0.757057612836066
394,446,Andrew Vaughn,700000.0,0.0,24.0,138.0,60.0,76.0,31.0,96.0,0.0,0.75,0.7943756430725023
395,447,Terrin Vavra,700000.0,0.0,25.0,23.0,14.0,12.0,12.0,19.0,0.0,0.677,0.6516143587899116
396,450,Andrew Velazquez,700000.0,0.0,27.0,63.0,37.0,28.0,15.0,119.0,17.0,0.54,0.5934833679663978
397,452,Alex Verdugo,3550000.0,-922500.0,26.0,166.0,75.0,74.0,42.0,86.0,1.0,0.732,0.8147664222926313
398,453,Matt Vierling,700000.0,0.0,25.0,80.0,41.0,32.0,23.0,70.0,7.0,0.648,0.6724712136930857
399,454,David Villar,700000.0,0.0,25.0,36.0,21.0,24.0,18.0,58.0,0.0,0.787,0.6543482058558148
400,455,Jonathan Villar,4500000.0,181054.54545454544,31.0,42.0,25.0,18.0,15.0,59.0,7.0,0.562,0.6291988726466886
401,456,Daniel Vogelbach,800000.0,48280.0,29.0,92.0,47.0,59.0,73.0,114.0,0.0,0.793,0.7263849603335094
402,457,Daniel Vogelbach,700000.0,48280.0,29.0,92.0,47.0,59.0,73.0,114.0,0.0,0.793,0.7263849603335094
403,458,Stephen Vogt,850000.0,-291666.6666666667,37.0,27.0,18.0,23.0,17.0,46.0,1.0,0.562,0.6602279301085848
404,459,Luke Voit,5450000.0,107142.85714285714,31.0,113.0,55.0,69.0,55.0,179.0,1.0,0.71,0.6916731754641285
405,460,Luke Voit,700000.0,107142.85714285714,31.0,113.0,55.0,69.0,55.0,179.0,1.0,0.71,0.6916731754641285
406,461,Jason Vosler,700000.0,0.0,28.0,26.0,14.0,12.0,10.0,29.0,1.0,0.812,0.6381059260008423
407,462,Joey Votto,25000000.0,1640666.6666666667,38.0,66.0,31.0,41.0,44.0,97.0,0.0,0.689,0.6705683941590781
408,463,LaMonte Wade Jr.,700000.0,0.0,28.0,45.0,29.0,26.0,26.0,51.0,1.0,0.665,0.6778832657103259
409,464,Tyler Wade,825000.0,0.0,27.0,32.0,22.0,8.0,10.0,33.0,8.0,0.544,0.6239125336017797
410,465,Christian Walker,2600000.0,-66300.0,31.0,141.0,84.0,94.0,69.0,131.0,2.0,0.804,0.8563700207822611
411,466,Taylor Walls,700000.0,0.0,25.0,70.0,53.0,33.0,52.0,120.0,10.0,0.553,0.6503390703398318
412,467,Jared Walsh,700000.0,0.0,28.0,91.0,41.0,44.0,27.0,138.0,2.0,0.642,0.6408532319579974
413,468,Taylor Ward,700000.0,0.0,28.0,139.0,73.0,65.0,60.0,120.0,5.0,0.833,0.7578256291820356
414,469,Drew Waters,700000.0,0.0,23.0,23.0,14.0,18.0,12.0,40.0,0.0,0.803,0.6472964018602234
415,470,Joey Wendle,4550000.0,383333.3333333333,32.0,90.0,27.0,32.0,15.0,50.0,12.0,0.658,0.6505129583665875
416,471,Eli White,700000.0,0.0,28.0,21.0,16.0,10.0,11.0,41.0,12.0,0.578,0.607816743303842
417,472,Luke Williams,700000.0,0.0,25.0,30.0,21.0,6.0,9.0,44.0,11.0,0.602,0.6007113583172518
418,473,Jesse Winker,6250000.0,522500.0,28.0,100.0,51.0,53.0,84.0,103.0,0.0,0.688,0.725498362859376
419,474,Patrick Wisdom,700000.0,0.0,30.0,97.0,67.0,66.0,53.0,183.0,8.0,0.725,0.6989503768674853
420,476,Kolten Wong,8500000.0,722222.2222222222,31.0,108.0,65.0,47.0,46.0,88.0,17.0,0.77,0.7163739324284225
421,477,Austin Wynns,700000.0,0.0,31.0,42.0,14.0,21.0,10.0,38.0,0.0,0.671,0.6485507213861915
422,478,Mike Yastrzemski,3700000.0,0.0,31.0,104.0,73.0,57.0,61.0,141.0,5.0,0.697,0.7306158310546838
423,479,Christian Yelich,26000000.0,2549500.0,30.0,145.0,99.0,57.0,88.0,162.0,19.0,0.738,0.7198693870322759
424,480,Juan Yepez,700000.0,0.0,24.0,64.0,27.0,30.0,16.0,61.0,0.0,0.742,0.6668578358406203
425,481,Seby Zavala,700000.0,0.0,28.0,48.0,22.0,21.0,19.0,64.0,0.0,0.729,0.6359633180857167
426,482,Bradley Zimmer,700000.0,0.0,29.0,13.0,18.0,5.0,5.0,45.0,3.0,0.435,0.6124532287089626
427,483,Mike Zunino,7000000.0,716600.0,31.0,17.0,7.0,16.0,6.0,46.0,0.0,0.499,0.6237768093274678
